/*
MySQL Backup
Source Server Version: 5.5.53
Source Database: eopark
Date: 2017-01-17 17:20:35
*/

SET FOREIGN_KEY_CHECKS=0;

-- ----------------------------
--  Table structure for `eo_brands`
-- ----------------------------
DROP TABLE IF EXISTS `eo_brands`;
CREATE TABLE `eo_brands` (
  `id` int(11) NOT NULL AUTO_INCREMENT,
  `brand_name` varchar(32) NOT NULL,
  `brand_logo` text NOT NULL,
  `status` tinyint(1) DEFAULT '1',
  `official_url` varchar(50) DEFAULT '',
  `priority` int(11) DEFAULT '0',
  PRIMARY KEY (`id`)
) ENGINE=MyISAM AUTO_INCREMENT=21 DEFAULT CHARSET=utf8;

-- ----------------------------
--  Table structure for `eo_brand_cate_relation`
-- ----------------------------
DROP TABLE IF EXISTS `eo_brand_cate_relation`;
CREATE TABLE `eo_brand_cate_relation` (
  `id` int(11) NOT NULL AUTO_INCREMENT,
  `brand_id` int(11) NOT NULL,
  `category_id` int(11) NOT NULL,
  PRIMARY KEY (`id`)
) ENGINE=MyISAM AUTO_INCREMENT=16 DEFAULT CHARSET=utf8;

-- ----------------------------
--  Table structure for `eo_categories`
-- ----------------------------
DROP TABLE IF EXISTS `eo_categories`;
CREATE TABLE `eo_categories` (
  `id` int(11) NOT NULL AUTO_INCREMENT,
  `name` varchar(16) NOT NULL,
  `parent_id` int(11) NOT NULL,
  `depth` int(11) NOT NULL,
  `priority` int(11) DEFAULT '0',
  `created_at` datetime DEFAULT NULL,
  `updated_at` datetime DEFAULT NULL,
  `status` tinyint(1) DEFAULT '1',
  PRIMARY KEY (`id`)
) ENGINE=MyISAM AUTO_INCREMENT=834 DEFAULT CHARSET=utf8;

-- ----------------------------
--  Table structure for `eo_collects`
-- ----------------------------
DROP TABLE IF EXISTS `eo_collects`;
CREATE TABLE `eo_collects` (
  `id` int(11) NOT NULL AUTO_INCREMENT,
  `user_id` int(11) NOT NULL,
  `resource_id` int(11) NOT NULL,
  `created_at` datetime DEFAULT NULL,
  `updated_at` datetime DEFAULT NULL,
  PRIMARY KEY (`id`)
) ENGINE=MyISAM AUTO_INCREMENT=2 DEFAULT CHARSET=latin1;

-- ----------------------------
--  Table structure for `eo_comments`
-- ----------------------------
DROP TABLE IF EXISTS `eo_comments`;
CREATE TABLE `eo_comments` (
  `id` int(11) NOT NULL AUTO_INCREMENT,
  `user_id` int(11) NOT NULL,
  `reply` int(11) DEFAULT '0',
  `comment` varchar(141) NOT NULL,
  `resource_id` int(11) NOT NULL,
  `likes` int(11) DEFAULT '0',
  `status` tinyint(1) DEFAULT '1',
  `likes_user_id` longtext,
  `created_at` datetime DEFAULT NULL,
  `updated_at` datetime DEFAULT NULL,
  PRIMARY KEY (`id`)
) ENGINE=MyISAM AUTO_INCREMENT=30 DEFAULT CHARSET=utf8;

-- ----------------------------
--  Table structure for `eo_feedback`
-- ----------------------------
DROP TABLE IF EXISTS `eo_feedback`;
CREATE TABLE `eo_feedback` (
  `id` int(11) NOT NULL AUTO_INCREMENT,
  `user_id` int(11) DEFAULT '0',
  `opinion` varchar(255) NOT NULL,
  `created_at` datetime DEFAULT NULL,
  `updated_at` datetime DEFAULT NULL,
  `url` varchar(255) DEFAULT '',
  PRIMARY KEY (`id`)
) ENGINE=MyISAM DEFAULT CHARSET=utf8;

-- ----------------------------
--  Table structure for `eo_letters`
-- ----------------------------
DROP TABLE IF EXISTS `eo_letters`;
CREATE TABLE `eo_letters` (
  `id` int(11) NOT NULL AUTO_INCREMENT,
  `from_user_id` int(11) NOT NULL,
  `to_user_id` int(11) NOT NULL,
  `content` varchar(1024) DEFAULT '',
  `is_viewed` tinyint(1) DEFAULT '0',
  `created_at` datetime DEFAULT NULL,
  `updated_at` datetime DEFAULT NULL,
  PRIMARY KEY (`id`)
) ENGINE=MyISAM DEFAULT CHARSET=latin1;

-- ----------------------------
--  Table structure for `eo_properties`
-- ----------------------------
DROP TABLE IF EXISTS `eo_properties`;
CREATE TABLE `eo_properties` (
  `id` int(11) NOT NULL AUTO_INCREMENT,
  `name` varchar(12) NOT NULL,
  `status` tinyint(1) DEFAULT '1',
  `priority` int(11) DEFAULT '0',
  PRIMARY KEY (`id`)
) ENGINE=MyISAM AUTO_INCREMENT=6 DEFAULT CHARSET=utf8;

-- ----------------------------
--  Table structure for `eo_prop_cate_relation`
-- ----------------------------
DROP TABLE IF EXISTS `eo_prop_cate_relation`;
CREATE TABLE `eo_prop_cate_relation` (
  `id` int(11) NOT NULL AUTO_INCREMENT,
  `category_id` int(11) NOT NULL,
  `status` tinyint(1) DEFAULT '1',
  `prop_id` int(11) NOT NULL DEFAULT '0',
  `prop_value_id` int(11) NOT NULL,
  PRIMARY KEY (`id`),
  KEY `prop_value_id` (`prop_value_id`),
  KEY `category_id` (`category_id`)
) ENGINE=MyISAM AUTO_INCREMENT=118 DEFAULT CHARSET=utf8;

-- ----------------------------
--  Table structure for `eo_prop_res_relation`
-- ----------------------------
DROP TABLE IF EXISTS `eo_prop_res_relation`;
CREATE TABLE `eo_prop_res_relation` (
  `id` int(11) NOT NULL AUTO_INCREMENT,
  `prop_value_id` int(11) NOT NULL,
  `resource_id` int(11) NOT NULL,
  `status` tinyint(1) DEFAULT '1',
  PRIMARY KEY (`id`)
) ENGINE=MyISAM AUTO_INCREMENT=85 DEFAULT CHARSET=utf8;

-- ----------------------------
--  Table structure for `eo_prop_value`
-- ----------------------------
DROP TABLE IF EXISTS `eo_prop_value`;
CREATE TABLE `eo_prop_value` (
  `id` int(11) NOT NULL AUTO_INCREMENT,
  `prop_id` int(11) NOT NULL,
  `name` varchar(32) NOT NULL,
  `status` tinyint(1) DEFAULT '1',
  `priority` int(11) DEFAULT '0',
  PRIMARY KEY (`id`)
) ENGINE=MyISAM AUTO_INCREMENT=16 DEFAULT CHARSET=utf8;

-- ----------------------------
--  Table structure for `eo_resources`
-- ----------------------------
DROP TABLE IF EXISTS `eo_resources`;
CREATE TABLE `eo_resources` (
  `id` int(11) NOT NULL AUTO_INCREMENT,
  `title` varchar(50) NOT NULL,
  `introduce` varchar(255) DEFAULT NULL,
  `cover` varchar(255) DEFAULT NULL,
  `views` int(11) DEFAULT '0',
  `plays` int(11) DEFAULT '0',
  `likes` int(11) DEFAULT '0',
  `from_domain` varchar(32) DEFAULT NULL,
  `from_domain_name` varchar(32) DEFAULT NULL,
  `author` varchar(32) DEFAULT NULL,
  `type` int(11) NOT NULL,
  `link` text NOT NULL,
  `status` tinyint(1) DEFAULT '0',
  `created_at` datetime DEFAULT NULL,
  `updated_at` datetime DEFAULT NULL,
  `contributor` int(11) DEFAULT '0',
  `category_1` int(11) DEFAULT '0',
  `category_2` int(11) DEFAULT '0',
  `category_3` int(11) DEFAULT '0',
  `tag` mediumtext,
  `is_pay` tinyint(1) DEFAULT '0',
  `comment_numbers` int(11) DEFAULT '0',
  `scored_numbers` int(11) DEFAULT '0',
  `score` decimal(4,1) DEFAULT '0.0',
  `brand_id` int(11) DEFAULT '0',
  `feedback_invalid` tinyint(1) NOT NULL DEFAULT '0',
  PRIMARY KEY (`id`)
) ENGINE=MyISAM AUTO_INCREMENT=166 DEFAULT CHARSET=utf8;

-- ----------------------------
--  Table structure for `eo_res_grades`
-- ----------------------------
DROP TABLE IF EXISTS `eo_res_grades`;
CREATE TABLE `eo_res_grades` (
  `id` int(11) NOT NULL AUTO_INCREMENT,
  `user_id` int(11) NOT NULL,
  `resource_id` int(11) NOT NULL,
  `grade` double NOT NULL,
  `created_at` datetime DEFAULT NULL,
  `updated_at` datetime DEFAULT NULL,
  PRIMARY KEY (`id`)
) ENGINE=MyISAM AUTO_INCREMENT=7 DEFAULT CHARSET=utf8;

-- ----------------------------
--  Table structure for `eo_thanks`
-- ----------------------------
DROP TABLE IF EXISTS `eo_thanks`;
CREATE TABLE `eo_thanks` (
  `id` int(11) NOT NULL AUTO_INCREMENT,
  `user_id` int(11) DEFAULT '0',
  `gratitude` varchar(140) DEFAULT '',
  `special` varchar(140) DEFAULT '',
  `wish` varchar(140) DEFAULT '',
  `state` tinyint(1) DEFAULT '0',
  `created_at` datetime DEFAULT NULL,
  `updated_at` datetime DEFAULT NULL,
  PRIMARY KEY (`id`)
) ENGINE=MyISAM AUTO_INCREMENT=59 DEFAULT CHARSET=utf8;

-- ----------------------------
--  Table structure for `eo_users`
-- ----------------------------
DROP TABLE IF EXISTS `eo_users`;
CREATE TABLE `eo_users` (
  `id` int(11) NOT NULL AUTO_INCREMENT,
  `email` varchar(20) DEFAULT NULL,
  `name` varchar(20) DEFAULT NULL,
  `password` varchar(120) DEFAULT NULL,
  `created_at` datetime DEFAULT NULL,
  `updated_at` datetime DEFAULT NULL,
  `remember_token` varchar(120) DEFAULT '',
  PRIMARY KEY (`id`)
) ENGINE=MyISAM AUTO_INCREMENT=29 DEFAULT CHARSET=utf8;

-- ----------------------------
--  Table structure for `eo_user_navigation`
-- ----------------------------
DROP TABLE IF EXISTS `eo_user_navigation`;
CREATE TABLE `eo_user_navigation` (
  `id` int(11) NOT NULL AUTO_INCREMENT,
  `url_name` varchar(12) NOT NULL,
  `url` text NOT NULL,
  `order_id` int(11) NOT NULL,
  `icon` varchar(255) DEFAULT NULL,
  `created_at` datetime DEFAULT NULL,
  `updated_at` datetime DEFAULT NULL,
  `user_id` int(11) NOT NULL,
  `x` int(11) NOT NULL,
  `y` int(11) NOT NULL,
  `width` int(11) NOT NULL DEFAULT '2',
  `height` int(11) NOT NULL DEFAULT '1',
  PRIMARY KEY (`id`)
) ENGINE=MyISAM AUTO_INCREMENT=287 DEFAULT CHARSET=utf8;

-- ----------------------------
--  Records 
-- ----------------------------
INSERT INTO `eo_brands` VALUES ('6','CSDN','http://www.csdn.net/css/logo.png','1','http://www.csdn.net','1'), ('7','百度','https://ss0.bdstatic.com/5aV1bjqh_Q23odCf/static/superman/img/logo_top_ca79a146.png','1','http://baidu.com','2'), ('8','站长之家','http://cdn.chinaz.com/tools/images/public/logos/logo-index.png','1','http://chinaz.com','3'), ('9','搜狗搜索','https://www.sogou.com/index/images/logo_440x140.png','1','https://www.sogou.com/','4'), ('15','360','http://p3.qhmsg.com/t01b7cb83f41d31a8bf.png','1','http://www.360.cn/','8'), ('11','迅雷','http://xunlei.com/img/logo.png','1','http://xunlei.com/','6'), ('14','京东','https://ss1.baidu.com/6ONXsjip0QIZ8tyhnq/it/u=2677286959,1418084722&fm=58&s=05F07D3288656D01446505DD0100C022','1','https://www.jd.com/','7'), ('16','搜狐','http://www.sohu.com/upload/images20140108/sohulogo.png','1','http://www.sohu.com/','9'), ('17','腾讯','http://mat1.gtimg.com/www/images/qq2012/qqlogo_1x.png','1','http://www.qq.com/','10'), ('18','网易','http://mimg.127.net/logo/netease_logo.gif','1','http://www.163.com/','11'), ('19','新浪','http://i1.sinaimg.cn/dy/deco/2013/0329/logo/LOGO_1x.png','1','http://www.sina.com.cn/','12'), ('20','携程旅行','http://pic.c-ctrip.com/common/c_logo2013.png','1','http://www.ctrip.com','13');
INSERT INTO `eo_brand_cate_relation` VALUES ('1','1','48'), ('2','2','43'), ('3','3','0'), ('4','4','48'), ('5','4','44'), ('6','3','44'), ('8','6','44'), ('11','7','44'), ('12','8','83'), ('13','9','84'), ('14','10','84'), ('15','11','86');
INSERT INTO `eo_categories` VALUES ('53','硬件/嵌入式','44','0','5','2016-12-21 16:52:23','2017-01-06 09:58:52','1'), ('51','系统','44','0','3','2016-12-21 16:46:49','2017-01-06 09:58:52','1'), ('52','游戏开发','44','0','4','2016-12-21 16:49:21','2017-01-06 09:58:52','1'), ('44','IT','43','2','1','2016-12-21 16:17:42','2017-01-06 09:58:52','1'), ('49','数据库','44','0','2','2016-12-21 16:45:44','2017-01-06 09:58:52','1'), ('48','编程语言','44','0','1','2016-12-21 16:45:24','2017-01-06 09:58:52','1'), ('43','学','0','1','0',NULL,'2017-01-06 09:58:52','1'), ('54','云计算/大数据','44','0','6','2016-12-21 16:52:54','2017-01-06 09:58:52','1'), ('57','设计','43','0','2','2016-12-21 17:09:20','2017-01-06 09:58:52','1'), ('59','平面','57','0','1','2016-12-21 17:13:43','2017-01-06 09:58:52','1'), ('61','网页','57','0','2','2016-12-21 17:16:02','2017-01-06 09:58:52','1'), ('62','建筑','57','0','3','2016-12-21 17:16:08','2017-01-06 09:58:52','1'), ('63','工业','57','0','4','2016-12-21 17:17:18','2017-01-06 09:58:52','1'), ('64','影视','57','0','5','2016-12-21 17:18:01','2017-01-06 09:58:52','1'), ('65','服装','57','0','6','2016-12-21 17:18:16','2017-01-06 09:58:52','1'), ('66','室内','57','0','7','2016-12-21 17:18:25','2017-01-06 09:58:52','1'), ('67','机械','57','0','8','2016-12-21 17:18:41','2017-01-06 09:58:52','1'), ('68','环艺','57','0','9','2016-12-21 17:19:00','2017-01-06 09:58:52','1'), ('69','语言','43','0','3','2016-12-21 19:48:52','2017-01-06 09:58:52','1'), ('70','英语','69','0','1','2016-12-21 19:49:18','2017-01-06 09:58:52','1'), ('71','日语','69','0','2','2016-12-21 19:59:38','2017-01-06 09:58:52','1'), ('72','韩语','69','0','3','2016-12-21 19:59:49','2017-01-06 09:58:52','1'), ('73','德语','69','0','4','2016-12-21 20:00:03','2017-01-06 09:58:52','1'), ('74','考试','43','0','4','2016-12-21 20:03:58','2017-01-06 09:58:52','1'), ('75','英语四级','74','0','1','2016-12-21 20:04:17','2017-01-06 09:58:52','1'), ('76','自考','74','0','2','2016-12-21 20:04:54','2017-01-06 09:58:52','1'), ('77','成教','74','0','3','2016-12-21 20:05:08','2017-01-06 09:58:52','1'), ('78','雅思','74','0','4','2016-12-21 20:05:18','2017-01-06 09:58:52','1'), ('79','托福','74','0','5','2016-12-21 20:05:23','2017-01-06 09:58:52','1'), ('83','工具','0','1','0','2016-12-21 21:24:19','2017-01-06 11:06:19','1'), ('84','搜索','83','2','1','2016-12-21 21:27:32','2017-01-06 11:06:19','1'), ('86','下载','83','0','2','2016-12-21 21:28:02','2017-01-06 11:06:19','1'), ('87','社交','83','0','3','2016-12-21 21:30:57','2017-01-06 11:06:19','1'), ('88','翻墙','83','0','4','2016-12-21 21:48:12','2017-01-06 11:06:19','1'), ('89','娱乐','0','1','1','2016-12-21 21:49:31','2017-01-06 11:53:59','1'), ('90','视频','89','0','1','2016-12-21 21:49:42','2017-01-06 11:53:59','1'), ('92','游戏','89','0','2','2016-12-21 21:50:17','2017-01-06 11:53:59','1'), ('93','音乐','89','0','3','2016-12-21 21:50:28','2017-01-06 11:53:59','1'), ('94','小说','89','0','4','2016-12-21 21:50:40','2017-01-06 11:53:59','1'), ('95','直播','90','0','1','2016-12-21 21:52:10','2017-01-06 11:53:59','1'), ('96','在线','90','0','2','2016-12-21 21:53:51','2017-01-06 11:53:59','1'), ('97','下载','90','0','3','2016-12-21 21:54:19','2017-01-06 11:53:59','1'), ('98','抢先','90','0','4','2016-12-21 21:57:44','2017-01-06 11:53:59','1'), ('99','网络','92','0','1','2016-12-21 21:59:15','2017-01-06 11:53:59','1'), ('100','单机','92','0','2','2016-12-21 21:59:24','2017-01-06 11:53:59','1'), ('101','网页','92','0','3','2016-12-21 21:59:42','2017-01-06 11:53:59','1'), ('102','手游','92','0','4','2016-12-21 21:59:52','2017-01-06 11:53:59','1'), ('103','听','93','0','1','2016-12-21 22:06:13','2017-01-06 11:53:59','1'), ('104','玩','93','0','2','2016-12-21 22:06:32','2017-01-06 11:53:59','1'), ('105','下载','93','0','3','2016-12-21 22:06:40','2017-01-06 11:53:59','1'), ('106','看','94','0','1','2016-12-21 22:07:22','2017-01-06 11:53:59','1'), ('107','听','94','0','2','2016-12-22 09:20:18','2017-01-06 11:53:59','1'), ('108','写','94','0','3','2016-12-22 09:20:54','2017-01-06 11:53:59','1'), ('109','下载','94','0','4','2016-12-22 09:21:14','2017-01-06 11:53:59','1'), ('110','购物','0','1','2','2016-12-22 09:22:44','2017-01-06 11:54:04','1'), ('111','网购','110','0','1','2016-12-22 09:22:54','2017-01-06 11:54:04','1'), ('112','外卖','110','0','2','2016-12-22 09:23:33','2017-01-06 11:54:04','1'), ('113','线下','110','0','3','2016-12-22 09:23:52','2017-01-06 11:54:04','1'), ('115','代购','111','0','1','2016-12-22 09:24:23','2017-01-06 11:54:04','1'), ('116','熟食','112','0','1','2016-12-22 09:24:49','2017-01-06 11:54:04','1'), ('117','生鲜','112','0','2','2016-12-22 09:24:57','2017-01-06 11:54:04','1'), ('118','订餐','113','0','1','2016-12-22 09:25:45','2017-01-06 11:54:04','1'), ('119','资讯','0','1','3','2016-12-22 09:26:14','2017-01-06 11:54:08','1'), ('120','新闻','119','0','1','2016-12-22 09:26:25','2017-01-06 11:54:08','1'), ('121','行业动态','119','0','2','2016-12-22 09:26:53','2017-01-06 11:54:08','1'), ('127','投稿','120','0','3','2016-12-22 09:28:44','2017-01-06 11:54:08','1'), ('126','听','120','0','2','2016-12-22 09:28:35','2017-01-06 11:54:08','1'), ('125','看','120','0','1','2016-12-22 09:28:24','2017-01-06 11:54:08','1'), ('128','科技','121','0','1','2016-12-22 09:30:21','2017-01-06 11:54:08','1'), ('129','服饰','121','0','2','2016-12-22 09:31:04','2017-01-06 11:54:08','1'), ('130','汽车','121','0','3','2016-12-22 09:31:12','2017-01-06 11:54:08','1'), ('131','生活','0','1','4','2016-12-22 09:31:24','2017-01-06 11:54:11','1'), ('132','生活','43','0','5','2016-12-22 09:32:19','2017-01-06 09:58:52','1'), ('133','烹饪','132','0','1','2016-12-22 09:32:31','2017-01-06 09:58:52','1'), ('134','纺织','132','0','2','2016-12-22 09:32:38','2017-01-06 09:58:52','1'), ('135','宠物','132','0','3','2016-12-22 09:32:51','2017-01-06 09:58:52','1'), ('136','园艺','132','0','4','2016-12-22 09:33:08','2017-01-06 09:58:52','1'), ('137','音乐','132','0','5','2016-12-22 09:33:32','2017-01-06 09:58:52','1'), ('138','快递','131','0','1','2016-12-22 09:40:39','2017-01-06 11:54:11','1'), ('139','收','138','0','1','2016-12-22 09:40:45','2017-01-06 11:54:11','1'), ('140','发','138','0','2','2016-12-22 09:40:50','2017-01-06 11:54:11','1'), ('141','查','138','0','3','2016-12-22 09:40:57','2017-01-06 11:54:11','1'), ('142','缴费','131','0','2','2016-12-22 09:42:46','2017-01-06 11:54:11','1'), ('143','水','142','0','1','2016-12-22 09:42:56','2017-01-06 11:54:11','1'), ('144','电','142','0','2','2016-12-22 09:43:04','2017-01-06 11:54:11','1'), ('145','气','142','0','3','2016-12-22 09:43:12','2017-01-06 11:54:11','1'), ('146','网','142','0','4','2016-12-22 09:43:16','2017-01-06 11:54:11','1'), ('147','话费','142','0','5','2016-12-22 09:43:23','2017-01-06 11:54:11','1'), ('148','本地','131','0','3','2016-12-22 09:43:37','2017-01-06 11:54:11','1'), ('149','重庆','148','0','1','2016-12-22 09:46:24','2017-01-06 11:54:11','1'), ('150','四川','148','0','2','2016-12-22 09:46:29','2017-01-06 11:54:11','1'), ('151','湖南','148','0','3','2016-12-22 09:46:43','2017-01-06 11:54:11','1'), ('152','云南','148','0','4','2016-12-22 09:46:56','2017-01-06 11:54:11','1'), ('153','租售','131','0','4','2016-12-22 09:47:50','2017-01-06 11:54:11','1'), ('832','行业','43','2','0','2017-01-17 13:17:57','2017-01-17 13:18:37','1'), ('833','会计','832','3','0','2017-01-17 13:18:15','2017-01-17 13:18:37','1');
INSERT INTO `eo_collects` VALUES ('1','25','109','2017-01-17 13:12:16','2017-01-17 13:12:16');
INSERT INTO `eo_comments` VALUES ('1','1','0','41232153','1','2','1','','2016-11-27 12:03:52','2016-11-29 21:36:25'), ('2','2','0','2222222222','59','110','1','','2016-11-27 12:07:50','2016-11-29 21:36:52'), ('3','3','0','33333333333','58','24','1','','2016-11-27 12:07:52','2016-11-29 21:37:06'), ('4','4','0','44444444444','57','343','1','','2016-11-27 12:07:54','2016-11-29 21:37:12'), ('5','1','0','回复@name3: ','57','0','1',NULL,'2016-11-30 20:24:30','2016-11-30 20:24:30'), ('6','1','0','回复@name3: ','57','0','1',NULL,'2016-11-30 20:24:40','2016-11-30 20:24:40'), ('7','1','0','1234','1','0','1',NULL,'2016-11-30 21:06:34','2016-11-30 21:06:34'), ('8','23','0','你好','60','2','1','','2016-12-17 13:06:40','2016-12-17 13:07:46'), ('9','23','20',' 回复测试','60','2','1','','2016-12-17 13:07:05','2016-12-17 13:07:56'), ('10','23','0','你好','60','1','1','','2016-12-17 13:08:05','2016-12-17 13:08:11'), ('13','23','0','你好','56','0','1',',','2016-12-18 15:41:59','2016-12-21 21:22:26'), ('11','23','0','你好','56','3','1',',23,','2016-12-18 15:31:53','2016-12-18 15:41:49'), ('12','23','20',' 好的','56','2','1',',23,','2016-12-18 15:32:24','2016-12-21 21:19:34'), ('14','23','0','你好111','56','1','1',',23,','2016-12-18 15:44:37','2016-12-18 15:44:48'), ('15','23','0','多评论测试2016年12月18日15:45:54','56','1','1',',23,','2016-12-18 15:45:58','2016-12-21 21:19:39'), ('16','23','0','多评论测试','56','1','1',',23,','2016-12-18 15:46:08','2016-12-21 21:21:25'), ('17','23','0','多评论测试多评论测试','56','0','1',NULL,'2016-12-18 15:46:12','2016-12-18 15:46:12'), ('18','23','0','多评论测试','56','0','1',NULL,'2016-12-18 15:46:18','2016-12-18 15:46:18'), ('19','23','0','多评论测试多评论测试','56','0','1',NULL,'2016-12-18 15:46:24','2016-12-18 15:46:24'), ('20','23','0','多评论测试','56','0','1',NULL,'2016-12-18 15:46:31','2016-12-18 15:46:31'), ('21','23','0','多评论测试','56','0','1',NULL,'2016-12-18 15:46:44','2016-12-18 15:46:44'), ('22','23','0','1234','56','0','1',NULL,'2016-12-20 12:07:12','2016-12-20 12:07:12'), ('23','23','0','maven 是什么??','85','1','1',',23,','2016-12-22 14:03:37','2016-12-23 10:07:07'), ('24','23','20',' 我也不知道,哈哈哈','85','0','1',NULL,'2016-12-22 14:04:32','2016-12-22 14:04:32'), ('25','23','0','嘿','85','0','1',NULL,'2017-01-04 10:50:45','2017-01-04 10:50:45'), ('26','23','0','2017年1月4日 10:50:52','85','0','1',NULL,'2017-01-04 10:50:54','2017-01-04 10:50:54'), ('27','23','0','阿红斯蒂芬','85','0','1',NULL,'2017-01-06 14:54:49','2017-01-06 14:54:49'), ('28','24','0','来军哥继续带你装逼！','99','0','1',NULL,'2017-01-09 10:37:43','2017-01-09 10:37:43'), ('29','24','0','通过上一期：《原创 | 微信开发前的准备工作》的学习，我们已经成功迈出了第一步。既然准备工作已经就绪，接下来军哥继续带你装逼！','99','1','1',',24,','2017-01-09 10:39:15','2017-01-09 10:39:26');
INSERT INTO `eo_properties` VALUES ('4','编程语言','1','1');
INSERT INTO `eo_prop_cate_relation` VALUES ('114','48','1','0','10'), ('113','48','1','0','9'), ('116','48','1','0','13'), ('115','48','1','0','14'), ('117','48','1','0','15');
INSERT INTO `eo_prop_res_relation` VALUES ('3','1','85','1'), ('4','2','86','1'), ('24','3','87','1'), ('17','4','89','1'), ('16','5','89','1'), ('15','6','89','1'), ('25','1','90','1'), ('26','2','90','1'), ('27','1','102','0'), ('28','2','102','0'), ('29','0','103','0'), ('46','13','110','0'), ('45','13','109','0'), ('44','13','108','0'), ('43','15','107','0'), ('42','13','106','1'), ('47','15','111','0'), ('48','15','112','0'), ('49','15','113','0'), ('50','15','114','0'), ('51','0','115','0'), ('52','0','116','0'), ('53','0','117','0'), ('54','0','126','0'), ('55','0','127','0'), ('56','0','128','0'), ('57','14','129','0'), ('58','14','130','0'), ('59','14','131','0'), ('60','14','132','0'), ('61','14','133','0'), ('62','14','134','0'), ('63','14','135','0'), ('64','14','136','0'), ('65','14','137','0'), ('66','14','138','0'), ('67','14','139','0'), ('68','14','140','0'), ('69','14','141','0'), ('70','0','142','0'), ('71','0','152','0'), ('72','0','153','0'), ('73','0','154','0'), ('74','0','155','0'), ('75','0','156','0'), ('76','0','157','0'), ('77','0','158','0'), ('78','0','159','0'), ('79','0','160','0'), ('80','0','161','0'), ('81','0','162','0'), ('82','0','163','0'), ('83','0','164','0'), ('84','0','165','0');
INSERT INTO `eo_prop_value` VALUES ('9','4','C','1','1'), ('10','4','C++','1','2'), ('14','4','Java','1','4'), ('13','4','php','1','3'), ('15','4','JavaScript','1','5');
INSERT INTO `eo_resources` VALUES ('118','智能垃圾桶来临 看CES 2017上有哪些好玩的物联网设备','2017年国际消费类电子产品展览会（CES）已于昨天在拉斯维加斯正式开幕，多款新一代智能手机和平板电脑亮相本届CES大展，智能家居、穿戴等设备更成为外界普遍关注的焦点。今天笔者将带大家一览CES 2017上那些好玩的物联网智能设备，一起来看一下吧。','http://img.blog.csdn.net/20170106172247557','17','0','0','','',NULL,'2','http://geek.csdn.net/news/detail/133096','1','2017-01-09 17:04:14','2017-01-15 10:43:34','0','43','44','0',NULL,'0','0','0','0.0','6','0'), ('108','PHP_Smarty视频教程','Smarty是一个使用PHP写出来的模板引擎，是目前业界最著名的PHP模板引擎之一。它分离了逻辑代码和外在的内容，提供了一种易于管理和使用的方法，用来将原本与HTML代码混杂在一起PHP代码逻辑分离。简单的讲，目的就是要使PHP程序员同前端人员分离，使得二者的工作不会相互影响！','http://img.bss.csdn.net/201605061744389513.png','3','0','0',NULL,NULL,NULL,'0','http://edu.csdn.net/course/detail/2268','1','2017-01-09 15:39:00','2017-01-17 03:05:14','25','43','44','48',NULL,'0','0','0','0.0','0','0'), ('109','thinkPHP视频教程','ThinkPHP是一个快速、兼容而且简单的轻量级国产PHP开发框架，诞生于2006年初，原名FCS，2007年元旦正式更名为ThinkPHP，遵循Apache2开源协议发布，从Struts结构移植过来并做了改进和完善，同时也借鉴了国外很多优秀的框架和模式，使用面向对象的开发结构和MVC模式，融合了Struts的思想和TagLib（标签库）、RoR的ORM映射和ActiveRecord模式。','http://img.bss.csdn.net/201601251619231907.jpg','32','0','0',NULL,NULL,NULL,'1','http://edu.csdn.net/course/detail/1977','1','2017-01-09 15:40:07','2017-01-17 15:03:24','25','43','44','48',NULL,'0','0','0','0.0','0','0'), ('110','PHP问答系统','','http://img.bss.csdn.net/201510291227549221.jpg','5','0','0',NULL,NULL,NULL,'1','http://edu.csdn.net/course/detail/1605','1','2017-01-09 15:43:41','2017-01-15 18:11:55','25','43','44','48',NULL,'0','0','0','0.0','0','0'), ('111',' Ajax技术课程','在基于数据的应用中，用户需求的数据如联系人列表，可以从独立于实际网页的服务端取得并且可以被动态地写入网页中，给缓慢的Web应用体验着色使之像桌面应用一样。','http://img.bss.csdn.net/201505270329585108.png','15','0','0',NULL,NULL,NULL,'1','http://edu.csdn.net/course/detail/954','1','2017-01-09 15:44:27','2017-01-15 18:13:45','25','43','44','48',NULL,'0','0','1','0.0','0','0'), ('112','链家网大数据平台枢纽——工具链','链家网于2015年成立大数据部门，开始构建基于Hadoop的技术体系，初期大数据部门以运营数据报表需求、公司核心指标需求为主。随着2015年链家网发力线上业务，toB与toC业务齐头并进，数据需求量激增的情况也随之在2016年突显，数据量增至PB级。我们开始思考如何改变现状，如何高效支撑未来可预见的众多数据需求。','http://img.blog.csdn.net/20170109084225555','12','0','0',NULL,NULL,NULL,'2','http://geek.csdn.net/news/detail/133336','1','2017-01-09 15:46:19','2017-01-17 15:05:54','25','43','44','0',NULL,'0','0','0','0.0','0','0'), ('113','详解 iOS 自动布局框架 Masonry','目前 iOS 开发中大多数页面都已经开始使用 Interface Builder 的方式进行 UI 开发了，但是在一些变化比较复杂的页面，还是需要通过代码来进行 UI 开发的。而且有很多比较老的项目，本身就还在采用纯代码的方式进行开发。',NULL,'5','0','0',NULL,NULL,NULL,'2','http://geek.csdn.net/news/detail/133417','1','2017-01-09 15:49:27','2017-01-15 10:43:35','25','43','44','0',NULL,'0','0','0','0.0','0','0'), ('114','2016年开源方面的热门趋势','本文将对人工智能项目与容器方面最为热门和最新的语言进行简单的介绍，并讨论开源编程方面的热门趋势。',NULL,'11','0','0',NULL,NULL,NULL,'2','http://geek.csdn.net/news/detail/133417','1','2017-01-09 15:50:09','2017-01-15 18:12:25','25','43','44','0',NULL,'127','0','0','0.0','0','0'), ('115','程序员的绩效之谜','前不久看到个新闻，Amazon 美国的一个中国 IT 工程师在西雅图办公室跳楼自杀，原因是收到了 PIP。那 PIP 是什么？就是 Performance Improvement Plan 的简写，表达的意思大概就是，再给你点时间改进工作绩效，否则就请走人。但实际收到 PIP 95% 的情况都是走人，这样实际的意思就变成了，再给你点时间赶快找下家吧。','http://images2015.cnblogs.com/blog/815275/201701/815275-20170108214153706-1025932356.jpg','7','0','0',NULL,NULL,NULL,'2','http://blog.csdn.net/mindfloating/article/details/54237165','1','2017-01-09 16:01:29','2017-01-16 14:26:48','25','43','44','0',NULL,'0','0','0','0.0','0','0'), ('116','程序员职业规划——程序视界','现在这个时代，信息极大丰富，知识浩如烟海，每个人每时每刻都被各种各样的知识、信息轰炸着，如何有效的选择对自己有价值的知识，如何构建一个独属于自己的知识体系并让它为自己创造价值，变得越来越重要。','http://img.blog.csdn.net/20170104060655918?watermark/2/text/aHR0cDovL2Jsb2cuY3Nkbi5uZXQvZm9ydW9r/font/5a6L5L2T/fontsize/400/fill/I0JBQkFCMA==/dissolve/70/gravity/SouthEast','7','0','0',NULL,NULL,NULL,'2','http://blog.csdn.net/foruok/article/details/54014938','1','2017-01-09 16:03:03','2017-01-15 18:13:05','25','43','44','0',NULL,'0','0','0','0.0','6','0'), ('117','让自己更值钱的要诀','我们经历了小学、初中、高中，习惯了死记硬背，习惯了凡事都去索要标准答案。这种习惯带到职场，就导致了我们缺乏思考能力和自主学习能力，凡事等待别人安排，遇到问题首先想到的是找别人索要现成解决方案。','http://img.blog.csdn.net/20170109061056791?watermark/2/text/aHR0cDovL2Jsb2cuY3Nkbi5uZXQvZm9ydW9r/font/5a6L5L2T/fontsize/400/fill/I0JBQkFCMA==/dissolve/70/gravity/SouthEast','6','0','0',NULL,NULL,NULL,'2','http://blog.csdn.net/marksinoberg/article/details/54235271','1','2017-01-09 16:06:34','2017-01-15 18:12:15','25','43','44','0',NULL,'0','0','0','0.0','6','0'), ('119','zend studio 12.5.1 破解版  ','zend studio 12.5.1 破解版 亲测可用','http://download.csdn.net/images/minetype/rar.gif','20','0','0','','',NULL,'3','http://download.csdn.net/detail/u011507255/9732808','1','2017-01-09 17:13:59','2017-01-17 15:29:30','0','43','44','0',NULL,'0','0','0','0.0','6','0'), ('107','javaScript-高级框架设计','使 javascript 叱咤风云二十年, 对于面向对象的理论依旧不被大家所理解. 动态的语法特性, 晦涩的原型结构, 凌乱的作用域规则, 以及错综复杂的闭包应用, 再是模糊不清的 this ... 等等诸多问题','http://img.bss.csdn.net/201604281539102377.jpg','3','0','0',NULL,NULL,NULL,'1','http://edu.csdn.net/course/detail/2296','1','2017-01-09 15:34:58','2017-01-16 14:23:13','25','43','44','48',NULL,'0','0','0','0.0','0','0'), ('120','慕逸留言板1.0  ','','http://download.csdn.net/images/minetype/zip.gif','3','0','0',NULL,NULL,NULL,'3','http://download.csdn.net/detail/chenxh/50','1','2017-01-09 20:09:41','2017-01-15 18:11:15','0','43','44','48',NULL,'0','0','0','0.0','6','0'), ('121','Android Studio','Android Studio是一项全新的基于IntelliJ IDEA的Android开发环境，类似于Eclipse ADT插件，Android Studio提供了集成的Android开发工具用于开发和调试。','http://img1sw.baidu.com/soft/a8/27390/8547eb00ef860ba7ab7ce78f0714a439.jpg','2','0','0',NULL,NULL,NULL,'3','http://rj.baidu.com/soft/detail/27390.html','1','2017-01-09 20:12:26','2017-01-15 18:10:35','0','43','44','48',NULL,'0','0','0','0.0','7','0'), ('122',' Notepad++ 7.3','Notepad++是在微软视窗环境之下的一个免费的代码编辑器。它使用较少的CPU功率，降低电脑系统能源消耗，但轻巧且执行效率高，使得Notepad++可完美地取代微软视窗的记事本。内置支持多达27种语法高亮度显示(包括各种常见的源代码、脚本，能够很好地支持.nfo文件查看)，还支持自定义语言；可自动检测文件类型，根据关键字显示节点，节点可自由折叠/打开，还可显示缩进引导线，代码显示得很有层次感；可打开双窗口，在分窗口中又可打开多个子窗口，允许快捷切换全屏显示模式(F11)，支持鼠标滚轮改变文档显示比例；提','http://img5sw.baidu.com/soft/cc/13478/293c5308533d22e987b29a4099c6f717.png?version=1790067261','2','0','0',NULL,NULL,NULL,'3','http://rj.baidu.com/soft/detail/13478.html','1','2017-01-09 20:13:31','2017-01-15 18:11:25','0','43','44','0',NULL,'0','0','0','0.0','7','0'), ('123','Java Runtime Environment 64位 ','JRE为Java Runtime Environment的简称，运行JAVA程序所必须的环境的集合，包含JVM标准实现及Java核心类库。Java Runtime Environment（包括Java Plug-in）是Sun的产品，包括两部分：Java Runtime Environment和Java Plug-in。JavaRuntimeEnvironment(JRE)是可以在其上运行、测试和传输应用程序的Java平台。它包括Java虚拟机、Java核心类库和支持文件。它不包含开发工具--编译器、调试','http://img5sw.baidu.com/soft/97/17740/6eeebb472bbc1e52285e0b762d987ab6.png?version=303371252','2','0','0',NULL,NULL,NULL,'3','http://sw.bos.baidu.com/sw-search-sp/software/475528cf19b14/jre-8u111-windows-x64_8.0.1110.14.exe','1','2017-01-09 20:14:19','2017-01-15 18:11:05','0','43','44','48',NULL,'0','0','0','0.0','7','0'), ('124','TortoiseSVN 1.9.5.27581','TortoiseSVN是Subversion版本控制系统的一个免费开源SVN客户端，可以对文件版本进行统一管理和控制；文件保存在中央版本库，您可以将文件恢复到过去的版本，并且可以通过检查历史知道数据做了哪些修改，谁做的修改。','http://img5sw.baidu.com/soft/87/11993/8c3c2d26daa6172a42a6fc338ef8f0e8.png?version=2828553801','2','0','0',NULL,NULL,NULL,'3','http://rj.baidu.com/soft/detail/11993.html','1','2017-01-09 20:15:11','2017-01-15 18:13:55','0','43','44','48',NULL,'0','0','0','0.0','7','0'), ('125','Apache HTTP Server 2.2.25','Apache HTTP Server是Apache软件基金会的一个开放源码的网页服务器，可以在大多数计算机操作系统中运行，由于其多平台和安全性被广泛使用，是最流行的Web服务器端软件之一。它快速、可靠并且可通过简单的API扩展，将Perl/Python等解释器编译到服务器中。',NULL,'5','0','0',NULL,NULL,NULL,'3','http://dlsw.baidu.com/sw-search-sp/soft/65/14824/httpd-2.2.25-win32-x86-no_ssl.msi?version=1437818354','1','2017-01-09 20:17:15','2017-01-15 18:12:35','0','43','44','48',NULL,'0','0','0','0.0','7','0'), ('126',' Python 2.7 ','Python是一种面向对象、直译式计算机程序设计语言，也是一种功能强大而完善的通用型语言，已经具有十多年的发展历史，成熟且稳定。这种语言具有非常简捷而清晰的语法特点，适合完成各种高层任务，几乎可以在所有的操作系统中运行。目前，基于这种语言的相关技术正在飞速的发展，用户数量急剧扩大，相关的资源非常多。','http://img5sw.baidu.com/soft/7a/25281/2dbd1a0fe9bc9f178b277d23399092b6.png?version=784839960','2','0','0',NULL,NULL,NULL,'3','http://rj.baidu.com/soft/detail/25281.html','1','2017-01-09 22:24:41','2017-01-15 18:10:45','23','43','44','48',NULL,'0','0','0','0.0','0','0'), ('127','MySQL server ','MySQL是一个关系型数据库管理系统，由瑞典MySQL AB公司开发，目前属于Oracle公司。MySQL是一种关联数据库管理系统，关联数据库将数据保存在不同的表中，而不是将所有数据放在一个大仓库内，这样就增加了速度并提高了灵活性。','http://img5sw.baidu.com/soft/ea/12585/bfc44eab6a120d7a799a35fb68df57dd.png?version=2966669963','2','0','0',NULL,NULL,NULL,'3','http://rj.baidu.com/soft/detail/12585.html','1','2017-01-09 22:26:02','2017-01-16 19:52:14','23','43','44','48',NULL,'0','0','0','0.0','0','0'), ('128',' Navicat for MySQL 11.1.20.0','Navicat for MySQL是一套专为 MySQL 设计的高性能数据库管理及开发工具。它可以用于任何版本 3.21 或以上的 MySQL数据库服务器，并支持大部份 MySQL 最新版本的功能，包括触发器、存储过程、函数、事件、视图、管理用户等。','http://img5sw.baidu.com/soft/0f/24312/2402939befc5812545e9ff1281b30cee.png?version=3957749834','1','0','0',NULL,NULL,NULL,'3','http://rj.baidu.com/soft/detail/24312.html','1','2017-01-09 22:27:24','2017-01-16 04:08:15','23','43','44','48',NULL,'0','0','0','0.0','0','0'), ('129','Android开发之初窥门径','蓝鸥Android开发之初窥门径的学习主要针对一下几点，大家好好学习 1.Android四大组件的基本使用 2.常用的基本控件和布局的使用 3.Android的网络编程 4.Android中的多线程开发','http://img.bss.csdn.net/201612261148513764.jpg','1','0','0',NULL,NULL,NULL,'3','http://edu.csdn.net/course/detail/3515','1','2017-01-09 22:28:56','2017-01-15 21:18:46','23','43','44','48',NULL,'0','0','0','0.0','0','0'), ('130','Android 6.0运行时权限讲解','本节课中会对Android 6.0系统中新增的运行时权限功能进行一次透彻的讲解，包含运行时权限的引入背景、基本用法、最佳封装实践等，还会讲一些很多人并不知道的运行时权限微技巧。','http://img.bss.csdn.net/201612280929552880.jpg','3','0','0',NULL,NULL,NULL,'1','http://edu.csdn.net/course/detail/3539','1','2017-01-09 22:29:45','2017-01-15 18:10:55','23','43','44','48',NULL,'0','0','0','0.0','0','0'), ('131','Android高级开发—《Android与H5互调》','本视频详细讲解了，Java代码与H5代码相互调用的基本方法。并结合实际项目，设计了H5页面调用Android播放视频、H5页面调用Android拨打电话和Android购物车中添加H5页面提供的商品三个案例，帮您快速掌握Java和H5互调的精髓。','http://img.bss.csdn.net/201611021118343666.jpg','3','0','0',NULL,NULL,NULL,'1','http://edu.csdn.net/course/detail/3258','1','2017-01-09 22:30:59','2017-01-15 18:13:25','23','43','44','48',NULL,'0','0','0','0.0','0','0'), ('132','Maven视频','Maven 是目前最流行的自动化构建工具，对于生产环境下多框架、多模块整合开发有重要作用。Maven 是一款在大型项目开发过程中不可或缺的重要工具。本课程将帮助你了解 Maven 的作用，常用命令，如何配置依赖，以及依赖的范围、依赖的传递性、依赖的排除、生命周期等重要概念，以及继承、聚合这样的 Maven 配置。更会手把手教你在 Eclipse 中玩转 Maven。','http://img.bss.csdn.net/201611301702407025.jpg','3','0','0',NULL,NULL,NULL,'1','http://edu.csdn.net/course/detail/3406','1','2017-01-09 22:31:57','2017-01-15 18:13:15','23','43','44','48',NULL,'0','0','0','0.0','0','0'), ('133','JavaSE零基础快速入门','肖老师的这门课，由浅入深的详细讲解了JavaSE的基础技术，其中包含大量细致的代码演示，可以使学员快速入门','http://img.bss.csdn.net/201609291423168582.png','2','0','0',NULL,NULL,NULL,'1','http://edu.csdn.net/course/detail/3044','1','2017-01-09 22:32:38','2017-01-15 18:11:35','23','43','44','48',NULL,'0','0','0','0.0','0','0'), ('134',' Java核心技术','本课程以网红讲师威哥领衔打造，以全、新、细为特点，让学员在最短的时间收获与企业接轨的前沿技术。','http://img.bss.csdn.net/201605271658286869.png','2','0','0',NULL,NULL,NULL,'1','http://edu.csdn.net/course/detail/2445','1','2017-01-09 22:33:18','2017-01-16 19:53:27','23','43','44','48',NULL,'0','0','0','0.0','0','0'), ('135','opencms初级课程','OpenCms是一个基于java的专业级别的开源网站内容管理系统。OpenCms可以非常容易的帮助建立和管理复杂的网站而无需专业的HTML知识。当使用一个复杂的模板引擎来规划站点，它提供一个类似于我们熟知的office应用的所见即所得编辑器来帮助使用者创建内容。OpenCms是一个完全开源的软件，它不需要任何许可费用。','http://img.bss.csdn.net/201605161041134278.jpg','3','0','0',NULL,NULL,NULL,'1','http://edu.csdn.net/course/detail/2364','1','2017-01-09 22:33:44','2017-01-16 19:53:16','23','43','44','48',NULL,'0','0','0','0.0','0','0'), ('136','javase，零基础java入门由浅入深','不管你是Java小白，还是Java零基础， 没关系，学完我们的教程，你会对Java的核心知识体系有清晰的理解，你将会站在高处鸟瞰Java，为接下来的学习打下坚实的基础。 本教程的每一个细节都经过精心专研，完全针对Java初学者。真正做到让零基础轻松入门，直到掌握java SE的高级部分。','http://img.bss.csdn.net/201609290930125671.jpg','2','0','0',NULL,NULL,NULL,'1','http://edu.csdn.net/course/detail/2925','1','2017-01-09 22:34:18','2017-01-16 12:58:06','23','43','44','48',NULL,'0','0','0','0.0','0','0'), ('137','超全面的JavaWeb视频教程','此套JavaWeb视频为非常全面的教程，适合JavaWeb爱好者自学。课程循序渐进、深入浅出，涉及到所有的知识点。学会本套教程，你就可以完全掌握到JavaWeb开发精髓。','http://img.bss.csdn.net/201601201028055446.jpg','2','0','0',NULL,NULL,NULL,'1','http://edu.csdn.net/course/detail/1954','1','2017-01-09 22:34:50','2017-01-16 12:57:26','23','43','44','48',NULL,'0','0','0','0.0','0','0'), ('138','跟着龙哥学JavaWeb','Java Web，是用Java技术来解决相关web互联网领域的技术总和，是学习JavaEE的基础以及学习Android服务端开发基础。Java在服务器端的应用非常的丰富，比如Servlet，JSP和第三方框架等等。Java技术对Web领域的发展注入了强大的动力。','http://img.bss.csdn.net/201512211703408753.jpg','2','0','0',NULL,NULL,NULL,'1','http://edu.csdn.net/course/detail/1830','1','2017-01-09 22:35:26','2017-01-16 13:04:28','23','43','44','48',NULL,'0','0','0','0.0','0','0'), ('139',' 深入浅出Struts2','本课程主要讲授如何使用Struts2框架开发Web应用程序，其特色在于其讲解的过程中，通过当堂编写代码的讲授方式讲解“关键知识点”，这些“关键知识点”可保证学生从始至终都写出可运行的程序。','http://img.bss.csdn.net/201512041845188353.jpg','3','0','0',NULL,NULL,NULL,'1','http://edu.csdn.net/course/detail/1552','1','2017-01-09 22:36:36','2017-01-16 19:54:36','23','43','44','48',NULL,'0','0','0','0.0','0','0'), ('140','[oeasy]教你玩转java编程-我的世界mc编程入门','','http://img.bss.csdn.net/201507230211226328.png','2','0','0',NULL,NULL,NULL,'1','http://edu.csdn.net/course/detail/1253','1','2017-01-09 22:37:24','2017-01-16 13:05:11','23','43','44','48',NULL,'0','0','0','0.0','0','0'), ('141','计算机基础知识-Java基础视频_深入浅出精华版','本课程讲解了计算机基础知识和常用DOS命令。','http://img.bss.csdn.net/201505130943227994.jpg','3','0','0',NULL,NULL,NULL,'1','http://edu.csdn.net/course/detail/832','1','2017-01-09 22:38:17','2017-01-16 19:53:04','23','43','44','48',NULL,'0','0','0','0.0','0','0'), ('142','会计学习网','',NULL,'1','0','0',NULL,NULL,NULL,'2','http://www.2361.net/','1','2017-01-16 14:25:46','2017-01-17 13:45:22','28','43','832','833',NULL,'0','0','0','0.0','0','0'), ('143','站长之家-站长工具','','http://cdn.chinaz.com/tools/images/public/logos/logo-index.png','6','0','0',NULL,NULL,NULL,'2','http://tool.chinaz.com/','1','2017-01-17 13:50:33','2017-01-17 15:03:17','0','83','0','0',NULL,'0','0','0','0.0','8','0'), ('144','在线工具','','http://cdn.atool.org/res/atool_banner_old.png','0','0','0',NULL,NULL,NULL,'2','http://www.atool.org/','1','2017-01-17 13:52:09','2017-01-17 13:52:09','0','83','0','0',NULL,'0','0','0','0.0','0','0'), ('145','百度搜索','','https://ss0.bdstatic.com/5aV1bjqh_Q23odCf/static/superman/img/logo_top_ca79a146.png','1','0','0',NULL,NULL,NULL,'2','http://www.baidu.com','1','2017-01-17 13:54:10','2017-01-17 15:03:51','0','83','84','0',NULL,'0','0','0','0.0','7','0'), ('146','搜狗搜索','','https://www.sogou.com/index/images/logo_440x140.png','0','0','0',NULL,NULL,NULL,'2','https://www.sogou.com/','1','2017-01-17 13:57:45','2017-01-17 13:57:45','0','83','84','0',NULL,'0','0','0','0.0','9','0'), ('147','360搜索','','https://p.ssl.qhimg.com/t01d1f1a2ae31e3c3e4.png','2','0','0',NULL,NULL,NULL,'2','https://www.so.com/','1','2017-01-17 14:01:28','2017-01-17 15:03:36','0','83','84','0',NULL,'0','0','0','0.0','0','0'), ('148','快车下载','','http://www.flashget.com/cn/images/logo.jpg','0','0','0',NULL,NULL,NULL,'3','http://www.flashget.com/cn/','1','2017-01-17 14:04:37','2017-01-17 14:39:19','0','83','86','0',NULL,'0','0','0','0.0','0','0'), ('149','迅雷下载','','http://xunlei.com/img/logo.png','0','0','0',NULL,NULL,NULL,'3','http://xl9.xunlei.com/','1','2017-01-17 14:08:40','2017-01-17 14:39:25','0','83','86','0',NULL,'0','0','0','0.0','11','0'), ('150','利用3D工具制作非常酷的皮质立体字','本教程将向您展示如何使用Photoshop的3D工具和材质的设置，以及图片，滤镜及调整层，创建一个复古的立体文字效果。','http://pic.68ps.com/jc/UploadFile1466/20170113/jc1701131_1.jpg','0','0','0',NULL,NULL,NULL,'2','http://www.68ps.com/jc/big_ps_wz.asp?id=5669','1','2017-01-17 15:32:45','2017-01-17 15:32:45','0','43','57','59',NULL,'0','0','0','0.0','0','0'), ('151','Photoshop制作华丽的钻石福字','钻石字制作方法有很多，下面的钻石字为比较常用的方法，直接在图层样式中使用钻石图案；然后再加上金属描边；顶部增加一些高光即可。','http://pic.68ps.com/jc/UploadFile1466/20170111/jc170111_1.jpg','0','0','0',NULL,NULL,NULL,'0','http://www.68ps.com/jc/big_ps_wz.asp?id=5662','1','2017-01-17 15:33:51','2017-01-17 15:47:51','0','43','57','59',NULL,'0','0','0','0.0','0','0'), ('152','Photoshop制作复古蒸汽机主题金属字','','http://pic.68ps.com/jc/UploadFile1466/20170109/jc1701091_1.jpg','0','0','0',NULL,NULL,NULL,'2','http://www.68ps.com/jc/big_ps_wz.asp?id=5657','1','2017-01-17 15:39:22','2017-01-17 15:47:50','25','43','57','59',NULL,'0','0','0','0.0','0','0'), ('153','Photoshop制作华丽的金边花纹字','效果字花纹部分直接使用了花纹素材，定义成图案后用图层样式加入到文字里面；再加上金属描边和一些高光效果即可。','http://pic.68ps.com/jc/UploadFile1466/20170104/jc170104_1.jpg','1','0','0',NULL,NULL,NULL,'2','http://www.68ps.com/jc/big_ps_wz.asp?id=5652','1','2017-01-17 15:39:55','2017-01-17 15:47:59','25','43','57','59',NULL,'0','0','0','0.0','0','0'), ('154','Photoshop制作漂亮的红色丝绸礼字','丝绸字制作难点是材质质感部分的制作，高光及暗部要对比强一点，同时要根据文字笔画的走向灵活渲染高光及暗部。','http://pic.68ps.com/jc/UploadFile1466/20161229/jc1612291_1.jpg','0','0','0',NULL,NULL,NULL,'2','http://www.68ps.com/jc/big_ps_wz.asp?id=5646','1','2017-01-17 15:40:29','2017-01-17 15:47:48','25','43','57','59',NULL,'0','0','0','0.0','0','0'), ('155','Photoshop制作华丽的2017金属镂空浮雕字','效果字镂空部分直接使用镂空纹理，用图层样式加入到文字里面；再加上颜色、投影、金属描边等，得到初步的金属效果；后期再增强质感即可。','http://pic.68ps.com/jc/UploadFile1466/20161228/jc161228_1.jpg','1','0','0',NULL,NULL,NULL,'2','http://www.68ps.com/jc/big_ps_wz.asp?id=5640','1','2017-01-17 15:41:09','2017-01-17 15:48:14','25','43','57','59',NULL,'0','0','0','0.0','0','0'), ('156','Photoshop制作漂亮的圣诞快乐黄金钻石字','效果字由金属描边及钻石纹理两部分构成；金属描边部分用到多个文字图层，分别增加了描边及边缘的浮雕效果；钻石纹理部分直接用一个图案叠加就可以得到。','http://pic.68ps.com/jc/UploadFile1466/20161221/jc161221_1.jpg','0','0','0',NULL,NULL,NULL,'2','http://www.68ps.com/jc/big_ps_wz.asp?id=5635','1','2017-01-17 15:41:39','2017-01-17 15:47:44','25','43','57','59',NULL,'0','0','0','0.0','0','0'), ('157','Photoshop制作漂亮的圣诞快乐黄金钻石字','效果字由金属描边及钻石纹理两部分构成；金属描边部分用到多个文字图层，分别增加了描边及边缘的浮雕效果；钻石纹理部分直接用一个图案叠加就可以得到。','http://pic.68ps.com/jc/UploadFile1466/20161109/jc161109_1.jpg','0','0','0',NULL,NULL,NULL,'2','http://www.68ps.com/jc/big_ps_wz.asp?id=5595','1','2017-01-17 15:42:12','2017-01-17 15:47:43','25','43','57','59',NULL,'0','0','0','0.0','0','0'), ('158','PS绘制非常萌的伪3D卡通熊猫','效果图非常类似3D效果，质感方面非常强，绘制的时候需要一定的美术功底，在绘制的时候能把握好光影，把平面的效果细化成立体效果。','http://pic.68ps.com/jc/UploadFile1466/20161108/jc1611081_1.jpg','57','0','0',NULL,NULL,NULL,'2','http://www.68ps.com/jc/big_ps_sh.asp?id=3116','1','2017-01-17 15:42:53','2017-01-17 15:48:41','25','43','57','59',NULL,'0','0','0','0.0','0','0'), ('159','PS临摹漂亮的女神头像','临摹需要很强的素描功底，这些都是细活，尤其刻画五官的时候都是用透明度极低的画笔慢慢刻画暗部和高光，局部不自然的部分用涂抹和模糊工具慢慢涂匀。','http://pic.68ps.com/jc/UploadFile1466/20161104/jc1611041_1.jpg','1','0','0',NULL,NULL,NULL,'2','http://www.68ps.com/jc/big_ps_sh.asp?id=3113','1','2017-01-17 15:43:19','2017-01-17 15:49:05','25','43','57','59',NULL,'0','0','0','0.0','0','0'), ('160','跟着大师学画逼真的人耳','作者绘制耳朵的方法非常实用，直接找真人耳朵参考，并分析构造；然后画出线稿，再上色，并设定好光源，细化出光影即可。','http://pic.68ps.com/jc/UploadFile1466/20160805/jc1608051_1.jpg','0','0','0',NULL,NULL,NULL,'2','http://www.68ps.com/jc/big_ps_sh.asp?id=3110','1','2017-01-17 15:43:50','2017-01-17 15:47:40','25','43','57','59',NULL,'0','0','0','0.0','0','0'), ('161','PS鼠绘萌萌哒夏季海滩主题插画','此类风格的插画应用范围也很广，比如Q版游戏原画、卡通形象设定、商业插画中，都是一种常见而且能够让受众喜爱的风格。','http://pic.68ps.com/jc/UploadFile1466/20160715/jc1607151_1.jpg','0','0','0',NULL,NULL,NULL,'2','http://www.68ps.com/jc/big_ps_sh.asp?id=3107','1','2017-01-17 15:44:19','2017-01-17 15:47:41','25','43','57','59',NULL,'0','0','0','0.0','0','0'), ('162','PS绘制可爱的小黄鸡','本次教程很简单，工程量较小，因为很小只嘛，即使返工修改也不会花费太多时间，只是局部比较费眼力而已。如果你喜欢，就跟我一起把它画出来吧！','http://pic.68ps.com/jc/UploadFile1466/20160321/jc1603211_1.jpg','0','0','0',NULL,NULL,NULL,'2','http://www.68ps.com/jc/big_ps_sh.asp?id=3105','1','2017-01-17 15:44:46','2017-01-17 15:47:39','25','43','57','59',NULL,'0','0','0','0.0','0','0'), ('163','Photoshop如何把图片转为偏冷的影视画面效果','作者对比了摄像机和相机的画面差别，找到了摄像机拍出的图片略微偏灰，同时画面较暗，饱和度略低，同时偏冷；根据这些特点，我们可以用调色工具做出类似画面效果。','http://pic.68ps.com/jc/UploadFile1466/20170110/jc1701101_2.jpg','0','0','0',NULL,NULL,NULL,'2','http://www.68ps.com/jc/big_ps_tp.asp?id=26602','1','2017-01-17 15:45:44','2017-01-17 15:47:38','25','43','57','59',NULL,'0','0','0','0.0','0','0'), ('164','PS结合SAI把美女图片转为唯美风仿手绘效果','http://www.68ps.com/jc/big_ps_tp.asp?id=26611','http://pic.68ps.com/jc/UploadFile1466/20170111/jc1701111_2.jpg','0','0','0',NULL,NULL,NULL,'2','http://www.68ps.com/jc/big_ps_tp.asp?id=26611','1','2017-01-17 15:46:12','2017-01-17 15:47:38','25','43','57','59',NULL,'0','0','0','0.0','0','0'), ('165','Photoshop给铁轨上的人物加上唯美的晨曦','素材图片取景非常不错，只是天空偏灰，画面的意境显示不出来；处理的时候先更换天空素材，然后渲染出霞光和阳光效果；再把边角及暗部压暗一点即可。','http://pic.68ps.com/jc/UploadFile1466/20161230/jc161230_2.jpg','0','0','0',NULL,NULL,NULL,'2','http://www.68ps.com/jc/big_ps_tp.asp?id=26563','1','2017-01-17 15:46:50','2017-01-17 15:47:37','25','43','57','59',NULL,'0','0','0','0.0','0','0');
INSERT INTO `eo_res_grades` VALUES ('1','23','56','6','2016-12-18 14:42:36','2016-12-21 21:14:31'), ('2','23','70','6','2016-12-20 14:38:09','2016-12-20 14:38:09'), ('3','23','85','10','2016-12-22 14:03:07','2017-01-06 15:11:35'), ('4','23','94','6','2017-01-06 15:30:00','2017-01-06 15:30:00'), ('5','24','99','4','2017-01-09 10:37:25','2017-01-09 10:38:21'), ('6','25','111','4','2017-01-12 11:54:00','2017-01-12 11:54:00');
INSERT INTO `eo_thanks` VALUES ('1','1','1234124','123412','1234','0','2016-10-27 17:21:59','2016-10-27 17:21:59'), ('2','1','感谢寄语','特别鸣谢','一点心愿','0','2016-10-27 17:23:46','2016-10-27 17:23:46'), ('3','1','1234','1234','1234','0','2016-10-28 10:23:32','2016-10-28 10:23:32'), ('4','1','1234','12341','1234','0','2016-10-28 11:24:21','2016-10-28 11:24:21'), ('5','1','1234','1234','1234','0','2016-10-28 11:25:12','2016-10-28 11:25:12'), ('6','1','234','1234','1234','0','2016-10-28 11:26:16','2016-10-28 11:26:16'), ('7','1','1234','1234','','0','2016-10-28 11:26:38','2016-10-28 11:26:38'), ('8','1','1243','','','0','2016-10-28 11:27:02','2016-10-28 11:27:02'), ('9','1','1234','','','0','2016-10-28 11:27:21','2016-10-28 11:27:21'), ('10','1','134','','','0','2016-10-28 11:28:44','2016-10-28 11:28:44'), ('11','1','1234','2134','1234','0','2016-10-28 11:32:43','2016-10-28 11:32:43'), ('12','1','1234','1234','','0','2016-10-28 11:33:16','2016-10-28 11:33:16'), ('13','1','1234','1234','','0','2016-10-28 11:33:55','2016-10-28 11:33:55'), ('14','1','1234','','','0','2016-10-28 11:34:06','2016-10-28 11:34:06'), ('15','1','','','1234','0','2016-10-28 11:34:34','2016-10-28 11:34:34'), ('16','1','','','12341234','0','2016-10-28 11:34:53','2016-10-28 11:34:53'), ('17','1','1234','1234','1234','0','2016-10-28 11:37:11','2016-10-28 11:37:11'), ('18','1','1234','1234','1234','0','2016-10-28 11:37:33','2016-10-28 11:37:33'), ('19','1','2345','','','0','2016-10-28 11:46:57','2016-10-28 11:46:57'), ('20','1','1234','1234','234','0','2016-10-28 11:49:38','2016-10-28 11:49:38'), ('21','1','3412342112342134214','1234214我去而发生的阿斯达芙阿斯达芙阿萨德','阿斯达芙大神斯蒂芬','0','2016-12-18 17:30:21','2016-12-18 17:30:21'), ('22','1','1234','','','0','2016-12-18 17:53:16','2016-12-18 17:53:16'), ('23','1','1243','124','12','0','2016-12-18 19:59:52','2016-12-18 19:59:52'), ('24','1','1234','12','4214','0','2016-12-18 20:02:10','2016-12-18 20:02:10'), ('25','1','1234','2134','1234','0','2016-12-18 20:58:53','2016-12-18 20:58:53'), ('26','1','1234','1234','2134','0','2016-12-18 20:59:19','2016-12-18 20:59:19'), ('27','1','234','2134','1234','0','2016-12-18 21:06:48','2016-12-18 21:06:48'), ('28','1','23145','1234','1234','0','2016-12-20 11:57:36','2016-12-20 11:57:36'), ('29','1','234','1234','2134','0','2016-12-20 12:08:07','2016-12-20 12:08:07'), ('30','1','234','1234','2134','0','2016-12-20 12:08:07','2016-12-20 12:08:07'), ('31','0','1234','','','0','2017-01-05 16:36:55','2017-01-05 16:36:55'), ('32','0','412341234','','','0','2017-01-05 16:37:10','2017-01-05 16:37:10'), ('33','23','asdfas','','','0','2017-01-06 16:27:39','2017-01-06 16:27:39'), ('34','23','123412','','','0','2017-01-06 16:27:49','2017-01-06 16:27:49'), ('35','23','213','','','0','2017-01-06 16:45:23','2017-01-06 16:45:23'), ('36','23','213123122\\','','','0','2017-01-06 16:51:50','2017-01-06 16:51:50'), ('37','23','1234','','','0','2017-01-06 16:52:26','2017-01-06 16:52:26'), ('38','23','1234','','','0','2017-01-06 16:52:32','2017-01-06 16:52:32'), ('39','23','1234','','','0','2017-01-06 16:53:49','2017-01-06 16:53:49'), ('40','23','1234','','','0','2017-01-06 16:54:03','2017-01-06 16:54:03'), ('41','23','1234','','','0','2017-01-06 16:54:10','2017-01-06 16:54:10'), ('42','23','1234','','','0','2017-01-06 16:55:46','2017-01-06 16:55:46'), ('43','23','1234','','','0','2017-01-06 17:02:02','2017-01-06 17:02:02'), ('44','23','1234','','','0','2017-01-06 17:02:39','2017-01-06 17:02:39'), ('45','0','234','','','0','2017-01-06 17:03:18','2017-01-06 17:03:18'), ('46','0','1234','','','0','2017-01-06 17:03:39','2017-01-06 17:03:39'), ('47','0','`3421','','','0','2017-01-06 17:03:50','2017-01-06 17:03:50'), ('48','0','1234','','','0','2017-01-06 17:05:29','2017-01-06 17:05:29'), ('49','23','1234','','','0','2017-01-06 17:06:43','2017-01-06 17:06:43'), ('50','23','1234','','','0','2017-01-06 17:06:45','2017-01-06 17:06:45'), ('51','23','1234','','','0','2017-01-06 17:06:48','2017-01-06 17:06:48'), ('52','23','1234','','','0','2017-01-06 17:06:50','2017-01-06 17:06:50'), ('53','23','1234','','','0','2017-01-06 17:07:01','2017-01-06 17:07:01'), ('54','23','1234','','','0','2017-01-06 17:07:03','2017-01-06 17:07:03'), ('55','23','1234','','','0','2017-01-06 17:07:05','2017-01-06 17:07:05'), ('56','23','1234','','','0','2017-01-06 17:07:07','2017-01-06 17:07:07'), ('57','23',' asdf','','','0','2017-01-09 08:48:29','2017-01-09 08:48:29'), ('58','28','12345','','','0','2017-01-16 14:39:06','2017-01-16 14:39:06');
INSERT INTO `eo_users` VALUES ('25','690230433@qq.com','qskane','$2y$10$4b1Fn/AhZJFd4qyuCH5DUu.Y01pEnuSmLX/z0tSrd1l4yuN5.5lie','2017-01-11 16:12:31','2017-01-17 15:37:42','rwnGEPTyO2NXOVi4YxxwyMKnvkUQVyQX64XAGWpYXumV7iuCosMTEjzj3Plg'), ('27','907810344@qq.com','不吸烟的小强','$2y$10$hze3M4rndVAKUjw9CLiAMOF8czjGb2pQaPEhu.T4DkdGw8RiILejW','2017-01-11 17:26:30','2017-01-11 17:26:30',NULL), ('28','451486235@qq.com','jessie_qsk','$2y$10$R/NisA5klclM7lv011B7te2midQXp8H0pBkeStLS/yKADOGvGdoaS','2017-01-16 14:22:55','2017-01-16 14:22:55',NULL);
INSERT INTO `eo_user_navigation` VALUES ('227','taobao','http://taobao.com','1',NULL,'2016-12-11 17:30:45','2016-12-11 17:30:45','1','0','0','2','1'), ('228','baidu','http://baidu.com','2',NULL,'2016-12-11 17:56:10','2016-12-11 17:56:10','1','2','0','2','1'), ('229','tmall','http://tmall.com','3',NULL,'2016-12-11 17:56:37','2016-12-11 17:56:37','1','4','0','2','1'), ('165','京东货物','https://mall.jd.com/index-57025.html?cpdad=1DLSUE','5',NULL,'2016-11-23 21:25:14','2016-11-23 21:25:14','0','0','0','0','0'), ('166','淘宝2','taobao.com','1',NULL,'2016-11-23 21:28:03','2016-11-23 21:28:03','0','0','0','0','0'), ('167','淘宝3','https://www.taobao.com/markets/promotion/shendianpx?spm=a21bo.50862.201862-1.d1.hYUpvK','2',NULL,'2016-11-23 21:28:27','2016-11-23 21:28:27','0','0','0','0','0'), ('168','淘宝4','https://item.taobao.com/item.htm?spm=a1z10.4-c-s.w5003-14987679522.4.PxWWDl','6',NULL,'2016-11-23 21:30:52','2016-11-23 21:30:52','0','0','0','0','0'), ('169','淘宝5','https://ladypapa.taobao.com/p/rd073588.htm?spm=a1z10.1-c-s.w10772990-14671757129.2.f8DwRU','7',NULL,'2016-11-23 21:31:44','2016-11-23 21:31:44','0','0','0','0','0'), ('170','淘宝6','https://item.taobao.com/item.htm?spm=2013.1.0.0.blikdh','8',NULL,'2016-11-23 21:33:26','2016-11-23 21:33:26','0','0','0','0','0'), ('171','淘宝7','https://item.taobao.com/item.htm?spm=2013.1.0.0.blikdh','9',NULL,'2016-11-23 21:35:08','2016-11-23 21:35:08','0','0','0','0','0'), ('172','baozho','http://www.baozho.com/index.php?app=store','10',NULL,'2016-11-23 21:36:42','2016-11-23 21:36:42','0','0','0','0','0'), ('174','0','0','1',NULL,'2016-12-03 21:36:25','2016-12-03 21:36:25','0','0','0','0','0'), ('176','0','0','2',NULL,'2016-12-03 21:40:12','2016-12-03 21:40:12','0','0','0','0','0'), ('177','0','0','3',NULL,'2016-12-03 21:42:27','2016-12-03 21:42:27','0','0','0','0','0'), ('200','baidu1111','http://www.baidu.com','1',NULL,'2016-12-04 12:27:46','2016-12-04 12:27:46','0','0','0','0','0'), ('201','1234','http://12306.com','2',NULL,'2016-12-04 12:27:46','2016-12-04 12:27:46','0','0','0','0','0'), ('202','taobao2222','http://www.taobao.com','3',NULL,'2016-12-04 12:27:46','2016-12-04 12:27:46','0','0','0','0','0'), ('203','淘宝详情页测试2','https://babibao.tmall.com/shop/view_shop.htm?mytmenu=mdianpu&utkn=g%2Cwdg3dsfrvldozpncwxva1480578659931&user_number_id=1710430133&scm=1028.1.1.20001&ali_trackid=30_2e754265f363bf582c33c59d2ad7ab41&spm=a21bo.50862.201862-3.1.oxSrig','4',NULL,'2016-12-04 12:27:46','2016-12-04 12:27:46','0','0','0','0','0'), ('204','淘宝详情页测试1','https://babibao.tmall.com/shop/view_shop.htm?mytmenu=mdianpu&utkn=g%2Cwdg3dsfrvldozpncwxva1480578659931&user_number_id=1710430133&scm=1028.1.1.20001&ali_trackid=30_2e754265f363bf582c33c59d2ad7ab41&spm=a21bo.50862.201862-3.1.oxSrig','5',NULL,'2016-12-04 12:27:46','2016-12-04 12:27:46','0','0','0','0','0'), ('205','jd测试页面','https://www.jd.com/?cu=true&utm_source=baidu-pinzhuan&utm_medium=cpc&utm_campaign=t_288551095_baidupinzhuan&utm_term=0f3d30c8dba7459bb52f2eb5eba8ac7d_0_0f419f662450462eacb6da71c5ed7e2f','1',NULL,'2016-12-04 12:36:47','2016-12-04 12:36:47','0','0','0','0','0'), ('206','jd页面2','https://www.jd.com/?cu=true&utm_source=baidu-pinzhuan&utm_medium=cpc&utm_campaign=t_288551095_baidupinzhuan&utm_term=0f3d30c8dba7459bb52f2eb5eba8ac7d_0_0f419f662450462eacb6da71c5ed7e2f','2',NULL,'2016-12-04 12:37:02','2016-12-04 12:37:02','0','0','0','0','0'), ('207','https://www.','https://www.jd.com/?cu=true&utm_source=baidu-pinzhuan&utm_medium=cpc&utm_campaign=t_288551095_baidupinzhuan&utm_term=0f3d30c8dba7459bb52f2eb5eba8ac7d_0_0f419f662450462eacb6da71c5ed7e2f','3',NULL,'2016-12-04 12:37:09','2016-12-04 12:37:09','0','0','0','0','0'), ('208','https://babi','https://babibao.tmall.com/shop/view_shop.htm?mytmenu=mdianpu&utkn=g%2Cwdg3dsfrvldozpncwxva1480578659931&user_number_id=1710430133&scm=1028.1.1.20001&ali_trackid=30_2e754265f363bf582c33c59d2ad7ab41&spm=a21bo.50862.201862-3.1.oxSrig','1',NULL,'2016-12-04 12:41:23','2016-12-04 12:41:23','0','0','0','0','0'), ('209','123','https://www.baidu.com/s?ie=utf-8&f=8&rsv_bp=1&tn=baidu&wd=%E7%99%BE%E5%BA%A6%E9%A6%96%E9%A1%B5%20%E6%8B%96%E5%8A%A8&oq=js%20%E6%8B%96%E5%8A%A8&rsv_pq=961e06be00013924&rsv_t=33ddpPQ0WxtVLzjiK7tZ1euDHIiTGrBnLjSI%2FeAVbRZYG%2BVN9ETaJzUwoEk&rqlang=cn&rsv_enter=1&inputT=5182&rsv_sug3=30&rsv_sug1=25&rsv_sug7=100&rsv_sug2=0&rsv_sug4=5182&rsv_sug=1','1',NULL,'2016-12-10 19:34:22','2016-12-10 19:34:22','0','0','0','0','0'), ('210','taobao','http://www.taobao.com','2',NULL,'2016-12-10 20:02:08','2016-12-10 20:02:08','0','0','0','0','0'), ('211','jd','http://www.jd.com','3',NULL,'2016-12-10 20:03:06','2016-12-10 20:03:06','0','0','0','0','0'), ('212','jd','http://www.jd.com','4',NULL,'2016-12-10 20:04:19','2016-12-10 20:04:19','0','0','0','0','0'), ('213','jd','http://www.jd.com','5',NULL,'2016-12-10 20:04:35','2016-12-10 20:04:35','0','0','0','0','0'), ('214','124','http://124','10',NULL,'2016-12-10 22:23:07','2016-12-10 22:23:07','0','0','0','0','0'), ('215','1234','http://1234','11',NULL,'2016-12-10 22:24:17','2016-12-10 22:24:17','0','0','0','0','0'), ('216','12341234','http://123454asdf','12',NULL,'2016-12-10 22:24:40','2016-12-10 22:24:40','0','0','0','0','0'), ('217','123456789123','http://','13',NULL,'2016-12-10 22:27:17','2016-12-10 22:27:17','0','0','0','0','0'), ('233','私人定制导航','http://www.w3school.com.cn/','7',NULL,'2016-12-11 20:14:59','2016-12-11 20:16:23','1','0','0','2','1'), ('231','极客学院','http://ke.jikexueyuan.com/','5',NULL,'2016-12-11 17:57:53','2016-12-11 17:57:53','1','8','0','2','1'), ('230','sina','http://sina.com','4',NULL,'2016-12-11 17:56:56','2016-12-11 17:56:57','1','6','0','2','1'), ('232','github','http://www.github.com/','6',NULL,'2016-12-11 17:58:37','2016-12-11 17:58:37','1','10','0','2','1'), ('234','w3shool','http://www.w3school.com.cn/','8',NULL,'2016-12-11 20:16:42','2016-12-11 20:16:53','1','0','0','2','1'), ('236','tmall.com','http://tmall.com','2',NULL,'2016-12-11 20:20:07','2016-12-20 12:05:47','23','4','0','2','1'), ('237','www.jd.com','http://jd.com','3',NULL,'2016-12-11 20:22:05','2016-12-20 12:05:47','23','0','0','2','1'), ('240','360','http://360.cn','5',NULL,'2016-12-11 20:22:38','2016-12-20 12:05:47','23','2','1','2','1'), ('246','123','http://hao123.com','8',NULL,'2016-12-11 20:33:35','2016-12-20 12:05:47','23','8','0','2','1'), ('242','360','http://360.cn','7',NULL,'2016-12-11 20:22:39','2016-12-20 12:05:47','23','6','0','2','1'), ('258','12306','http://12306.com','11',NULL,'2016-12-18 21:20:32','2016-12-20 12:05:47','23','10','0','2','1'), ('250','baidu','http://baidu.com','7',NULL,'2016-12-12 15:06:07','2016-12-20 12:05:47','23','0','1','2','1'), ('251','huawei','http://www.huawei.com/cn/','8',NULL,'2016-12-12 15:06:21','2016-12-20 12:05:47','23','2','0','2','1'), ('259','game.com','http://game.com','12',NULL,'2016-12-18 21:20:56','2016-12-20 12:05:47','23','10','1','2','1'), ('254','github','http://github.com','11',NULL,'2016-12-12 15:13:33','2016-12-20 12:05:47','23','4','1','2','1'), ('255','abc','http://www.abcd.com','12',NULL,'2016-12-12 15:15:17','2016-12-20 12:05:47','23','6','1','2','1'), ('256','你好','http://www.nihao.com','13',NULL,'2016-12-12 15:16:44','2016-12-20 12:05:47','23','8','1','2','1'), ('262','gamer','http://gamer.com','14',NULL,'2016-12-20 15:11:56','2016-12-20 15:11:56','23','4','2','2','1'), ('261','baozho.com','http://baozho.com','14',NULL,'2016-12-20 12:05:22','2016-12-20 12:05:47','23','0','2','4','1'), ('264','淘宝网','http://taobao.com','2',NULL,'2017-01-09 09:22:47','2017-01-09 10:16:12','24','2','0','2','1'), ('266','天猫商城','http://tmall.com','4',NULL,'2017-01-09 09:58:39','2017-01-09 10:16:12','24','0','0','2','1'), ('267','360','http://360.com','5',NULL,'2017-01-09 09:59:20','2017-01-09 10:16:12','24','6','0','2','1'), ('268','京东商城','http://jd.com','6',NULL,'2017-01-09 10:05:44','2017-01-09 10:16:12','24','4','0','2','1'), ('274','豆瓣','http://douban.com','1',NULL,'2017-01-13 11:06:54','2017-01-13 11:09:14','25','0','0','2','1'), ('270','百度','http://www.baidu.com','1',NULL,'2017-01-11 17:27:10','2017-01-11 17:27:10','27','0','0','2','1'), ('271','????o|','http://www.baidu.com','30',NULL,'2017-01-11 17:27:20','2017-01-11 17:27:20','0','0','0','2','1'), ('272','淘宝','http://www.taobao.com','2',NULL,'2017-01-11 17:27:32','2017-01-11 17:27:32','27','2','0','2','1'), ('273','?','http://www.taobao.com','31',NULL,'2017-01-11 17:27:42','2017-01-11 17:27:42','0','0','0','2','1'), ('275','知乎','http://zhihu.com','2',NULL,'2017-01-13 11:07:10','2017-01-13 11:09:14','25','2','0','2','1'), ('276','桌酷壁纸','http://www.zhuoku.com/','3',NULL,'2017-01-13 11:07:30','2017-01-13 11:09:14','25','8','0','2','1'), ('277','百度云盘','http://pan.baidu.com','4',NULL,'2017-01-13 11:07:50','2017-01-13 11:09:14','25','4','0','2','1'), ('278','汽车之家','http://autohome.com','5',NULL,'2017-01-13 11:08:09','2017-01-13 11:09:14','25','6','0','2','1'), ('279','Coding','http://coding.net','6',NULL,'2017-01-13 11:08:23','2017-01-13 11:09:14','25','10','0','2','1'), ('280','百度','http://baidu.com','1',NULL,'2017-01-16 14:27:34','2017-01-16 14:37:22','28','0','0','2','1'), ('283','知乎','https://www.zhihu.com/','3',NULL,'2017-01-16 14:33:53','2017-01-16 14:37:22','28','4','0','2','1'), ('282','天猫','http://Tmall.com','3',NULL,'2017-01-16 14:28:25','2017-01-16 14:37:22','28','2','0','2','1'), ('286','google翻译','http://translate.google.cn/','7',NULL,'2017-01-17 09:18:28','2017-01-17 09:18:28','25','0','1','2','1'), ('285','微博','http://weibo.com','4',NULL,'2017-01-16 14:37:37','2017-01-16 14:37:37','28','6','0','2','1');
